total_timesteps,approx_kl,capture_accuracy,capture_attempts,captured_targets,clip_fraction,clip_range,discounted_cost,entropy_loss,ep_len_mean,ep_rew_mean,explained_variance,fps,iterations,jc_hat,lambda,learning_rate,loss,mean_power,n_delegate,n_lookahead,n_move_noop,n_payload,n_roll,n_sense_noop,n_updates,normalised_power,policy_gradient_loss,slack,targets_imaged,threshold,time_elapsed,value_loss,violation
1024.0,,,,,,,,,,,,741.0,1.0,,0.0,,,,,,,,,,,,,5.0,,499.99999999999955,1.0,,
150528.0,0.003848204,0.32175399151502093,271.6875,3.9375,0.130859375,0.1,45.51835285506051,-1.2794636711478233,300.0,3.93,0.2296409010887146,503.0,147.0,,0.0,0.0001,0.018684448674321175,724.2029166666667,0.0,20.96875,41.625,271.6875,258.375,7.34375,584.0,0.48280194444444446,-0.004724704776890576,5.0,12.125,499.99999999999955,299.0,0.08441403554752469,
300032.0,0.0025464157,0.3706603393961189,287.21875,6.28125,0.063720703125,0.1,47.51868420730804,-1.202285386621952,300.0,5.75,0.574614405632019,514.0,293.0,47.701565983406,0.0,0.0001,0.0306544192135334,751.3372916666667,0.0,11.78125,88.03125,287.21875,211.96875,1.0,1168.0,0.5008915277777778,-0.005599032272584736,5.0,16.46875,499.99999999999955,583.0,0.1212092163041234,-452.29843401659355
450560.0,0.0017890539,0.45941784347728615,258.53125,10.78125,0.0537109375,0.1,44.33874318609421,-1.217319518327713,300.0,10.19,0.6337836980819702,531.0,440.0,,0.0,0.0001,0.05815139785408974,703.554375,0.0,38.4375,36.65625,258.53125,263.34375,3.03125,1756.0,0.46903625000000004,-0.0034922677150461823,5.0,23.21875,499.99999999999955,848.0,0.20380945317447186,
600064.0,0.0034836023,0.48998281629630014,219.15625,13.96875,0.1201171875,0.1,40.379385466728706,-1.1982141956686974,300.0,13.48,0.4620068073272705,531.0,586.0,40.625298371813855,0.0,0.0001,0.06376799196004868,630.744375,0.0,73.59375,18.40625,219.15625,281.59375,7.25,2340.0,0.42049625,-0.008341675769770518,5.0,28.625,499.99999999999955,1128.0,0.21123635582625866,-459.3747016281857
750592.0,0.004368703,0.4791947404258392,171.59375,14.875,0.120849609375,0.1,35.00935847864976,-1.344324454665184,300.0,15.3,0.7776583433151245,531.0,733.0,,0.0,0.0001,0.0587463453412056,534.7914583333334,0.0,114.03125,51.78125,171.59375,248.21875,14.375,2928.0,0.3565276388888889,-0.006207538390299305,5.0,31.09375,499.99999999999955,1413.0,0.24031438864767551,
900096.0,0.0034933754,0.46961007179358294,170.28125,16.0625,0.10595703125,0.1,33.20151910262139,-1.4520878195762634,300.0,16.5,0.7241175174713135,533.0,879.0,32.652002183859686,0.0,0.0001,0.0643078163266182,509.11479166666663,0.0,78.8125,42.75,170.28125,257.25,50.90625,3512.0,0.33940986111111116,-0.009975693130400032,5.0,34.03125,499.99999999999955,1687.0,0.22555746976286173,-467.34799781613987
1050624.0,0.006031748,0.5110062254939809,121.25,17.90625,0.129150390625,0.1,26.002389597916608,-1.420431062579155,300.0,17.22,0.7252449989318848,537.0,1026.0,,0.0,0.0001,0.07882960140705109,392.82708333333335,0.0,85.25,26.09375,121.25,273.90625,93.5,4100.0,0.26188472222222225,-0.008554059488233179,4.9797504,35.1875,497.97503999999964,1954.0,0.23965145274996758,
1200128.0,0.0035407087,0.4720802592754333,127.25,17.96875,0.158935546875,0.1,27.33648913851252,-1.3355046510696411,300.0,18.28,0.7397592067718506,539.0,1172.0,27.335369885169772,0.0,0.0001,0.07745794951915741,408.91375000000005,0.0,85.40625,17.90625,127.25,282.09375,87.34375,4684.0,0.2726091666666667,-0.005604420730378479,4.9199488,38.1875,491.9948799999996,2222.0,0.24631010461598635,-464.65951011482986
1350656.0,0.0030932075,0.49076542064613093,79.40625,17.84375,0.091552734375,0.1,20.742659714400638,-1.3271071165800095,300.0,17.7,0.8343589901924133,541.0,1319.0,,0.0,0.0001,0.03567199409008026,311.50312499999995,0.0,120.65625,28.75,79.40625,271.25,99.9375,5272.0,0.20766875,-0.009169084660243243,4.8597376,36.6875,485.9737599999996,2495.0,0.18180457409471273,
1500160.0,0.002808958,0.4629770231031124,109.375,17.875,0.127685546875,0.1,25.579448189415977,-1.2982846274971962,300.0,18.06,0.7063075304031372,542.0,1465.0,26.187880298873846,0.0,0.0001,0.05930815264582634,381.54791666666665,0.0,111.625,19.21875,109.375,280.78125,79.0,5856.0,0.25436527777777773,-0.007514377241022885,4.799936,38.75,479.99359999999956,2764.0,0.20176158007234335,-453.8057197011257
1650688.0,0.003633963,0.4984822445652842,89.53125,18.375,0.144287109375,0.1,22.71844081097838,-1.311226412653923,300.0,18.37,0.6388427019119263,543.0,1612.0,,0.0,0.0001,0.04721469432115555,353.49604166666666,0.0,144.34375,21.34375,89.53125,278.65625,66.125,6444.0,0.23566402777777778,-0.009198419109452516,4.7397248,36.84375,473.9724799999996,3037.0,0.1909729177132249,
1800192.0,0.00382339,0.4918549541471091,109.8125,18.9375,0.11279296875,0.1,24.414680669813006,-1.2701863273978233,300.0,19.02,0.6161220073699951,542.0,1758.0,25.378378184478166,0.0,0.0001,0.059515465050935745,374.40125,0.0,99.5625,20.875,109.8125,279.125,90.625,7028.0,0.24960083333333333,-0.008653405937366188,4.6799232,38.59375,467.9923199999996,3319.0,0.23358302656561136,-442.61394181552146
1950720.0,0.0046430277,0.45090228133183397,98.84375,17.96875,0.138916015625,0.1,21.320661311388108,-1.1578268483281136,300.0,18.32,0.6909980773925781,542.0,1905.0,,0.0,0.0001,0.07045633345842361,331.829375,0.0,75.375,12.75,98.84375,287.25,125.78125,7616.0,0.22121958333333333,-0.007228339905850589,4.619712,39.8125,461.9711999999996,3595.0,0.19503804668784142,
2100224.0,0.0035328283,0.4785898947807598,97.9375,18.25,0.12841796875,0.1,21.727772281246764,-1.1937768161296844,300.0,19.08,0.7041526436805725,543.0,2051.0,20.896014843417674,0.0,0.0001,0.05509024113416672,335.51125,0.0,84.375,13.1875,97.9375,286.8125,117.6875,8200.0,0.22367416666666667,-0.010788623825646937,4.5599104,38.1875,455.9910399999996,3866.0,0.2294753510504961,-435.0950251565819
2250752.0,0.007519302,0.5157651422133758,76.46875,19.25,0.216796875,0.1,18.9721719529619,-1.2189713940024376,300.0,19.44,0.7626453042030334,541.0,2198.0,,0.0,0.0001,0.06330665200948715,292.4010416666667,0.0,101.5,20.3125,76.46875,279.6875,122.03125,8788.0,0.1949340277777778,-0.008465692633762956,4.4996992,37.53125,449.96991999999966,4160.0,0.193698744289577,
2400256.0,0.0049024606,0.4731058147704777,89.21875,18.0,0.139404296875,0.1,20.00093624133649,-1.3470367640256882,300.0,18.31,0.7677280902862549,541.0,2344.0,20.480975793280187,0.0,0.0001,0.024872642010450363,322.9389583333333,0.0,101.75,32.84375,89.21875,267.15625,109.03125,9372.0,0.2152926388888889,-0.009575817501172423,4.4398976,38.34375,443.98975999999965,4433.0,0.1351734553463757,-423.50878420671944
2550784.0,0.0050309086,0.4759302108121478,97.34375,19.34375,0.13525390625,0.1,21.195344138811404,-1.163841262459755,300.0,19.54,0.7119629383087158,539.0,2491.0,,0.0,0.0001,0.11369477212429047,338.3564583333333,0.0,93.96875,30.40625,97.34375,269.59375,108.6875,9960.0,0.22557097222222222,-0.008017615240532905,4.3796864,40.625,437.9686399999996,4724.0,0.33330794982612133,
2700288.0,0.0065021487,0.5166190554912727,79.65625,19.53125,0.1455078125,0.1,19.988934308001294,-1.239232175052166,300.0,19.7,0.5923648476600647,538.0,2637.0,19.24628179847445,0.0,0.0001,0.07927992939949036,308.56395833333335,0.0,116.75,36.75,79.65625,263.25,103.59375,10544.0,0.20570930555555555,-0.013884278567275032,4.3198848,37.90625,431.9884799999996,5014.0,0.29036987014114857,-412.7421982015251
2850816.0,0.006404279,0.5044629984169348,68.75,19.71875,0.11279296875,0.1,18.121184013090456,-1.1281675547361374,300.0,19.69,0.6907053589820862,538.0,2784.0,,0.0,0.0001,0.07149776816368103,276.775,0.0,109.3125,33.125,68.75,266.875,121.9375,11132.0,0.18451666666666666,-0.00905505329137668,4.2596736,39.1875,425.96735999999964,5294.0,0.23360274452716112,
3000320.0,0.003646186,0.4976411708969244,69.125,20.28125,0.141845703125,0.1,17.88428481809853,-1.0284899286925793,300.0,19.91,0.7416509389877319,538.0,2930.0,17.656572121782833,0.0,0.0001,0.09088797122240067,270.22833333333335,0.0,95.09375,16.5,69.125,283.5,135.78125,11716.0,0.1801522222222222,-0.008000272326171398,4.199872,40.8125,419.98719999999963,5569.0,0.3204404506832361,-402.3306278782168
3150848.0,0.005993192,0.5018182704130811,74.65625,20.8125,0.162841796875,0.1,20.06166767884943,-1.0257635116577148,300.0,19.74,0.6466058492660522,539.0,3077.0,,0.0,0.0001,0.06664133071899414,310.2885416666667,0.0,135.71875,23.59375,74.65625,276.40625,89.625,12304.0,0.20685902777777776,-0.010955730511341244,4.1396608,41.65625,413.96607999999964,5841.0,0.2297458229586482,
3300352.0,0.0042036898,0.4902599958803042,81.34375,19.75,0.158935546875,0.1,20.694517709502055,-1.0596441701054573,300.0,20.1,0.6994811296463013,540.0,3223.0,21.92211031523705,0.0,0.0001,0.08880741894245148,312.8152083333333,0.0,113.75,19.8125,81.34375,280.1875,104.90625,12888.0,0.20854347222222222,-0.009558629128150642,4.0798592,40.3125,407.9859199999996,6110.0,0.27091905381530523,-386.0638096847626
3450880.0,0.0046945326,0.5427038554435186,71.28125,20.4375,0.165771484375,0.1,20.093976310232243,-1.0956825241446495,300.0,20.5,0.7417876720428467,542.0,3370.0,,0.0,0.0001,0.07581230252981186,300.04937499999994,0.0,134.625,32.53125,71.28125,267.46875,94.09375,13476.0,0.20003291666666667,-0.00639697938458994,4.019648,37.71875,401.9647999999997,6355.0,0.2639693208038807,
3600384.0,0.0055279033,0.5160524133352394,80.03125,19.5625,0.114990234375,0.1,21.229073915679116,-1.123118370771408,300.0,20.26,0.7315257787704468,545.0,3516.0,20.332671366172743,0.0,0.0001,0.05552065372467041,319.9739583333333,0.0,132.875,39.0625,80.03125,260.9375,87.09375,14060.0,0.2133159722222222,-0.008134002448059618,3.9598464,37.96875,395.9846399999997,6604.0,0.19981242436915636,-375.6519686338269
3750912.0,0.008764617,0.4882326017265309,106.40625,20.125,0.218505859375,0.1,23.206070936917783,-1.2107510939240456,300.0,20.52,0.7081288695335388,538.0,3663.0,,0.0,0.0001,0.10740502178668976,359.021875,0.0,93.75,45.78125,106.40625,254.21875,99.84375,14648.0,0.23934791666666666,-0.005249164096312597,3.8996352,41.28125,389.9635199999997,6961.0,0.29737664107233286,
3900416.0,0.008073338,0.5041239089351583,92.25,20.25,0.223388671875,0.1,21.959482984765586,-0.9682544581592083,300.0,20.03,0.767699658870697,533.0,3809.0,20.5222398591511,0.0,0.0001,0.06651759147644043,335.79,0.0,109.40625,31.4375,92.25,268.5625,98.34375,15232.0,0.22386,-0.008973856805823743,3.8398336,40.21875,383.98335999999966,7315.0,0.23264000844210386,-363.46112014084855
4050944.0,0.003947288,0.5158143712843724,101.0625,20.28125,0.1640625,0.1,23.991212437198897,-1.0590751692652702,300.0,20.57,0.7803590297698975,533.0,3956.0,,0.0,0.0001,0.08833443373441696,365.93,0.0,120.28125,24.28125,101.0625,275.71875,78.65625,15820.0,0.24395333333333336,-0.008896176295820624,3.7796224,39.1875,377.96223999999967,7599.0,0.265666457824409,
4200448.0,0.0044292146,0.533113280212809,68.875,21.3125,0.134521484375,0.1,19.55974050892324,-0.991541713476181,300.0,20.75,0.7779899835586548,535.0,4102.0,19.557195557637186,0.0,0.0001,0.08977528661489487,295.2854166666667,0.0,133.09375,13.59375,68.875,286.40625,98.03125,16404.0,0.19685694444444446,-0.011549313901923597,3.7198208,40.21875,371.98207999999966,7841.0,0.27383473608642817,-352.42488444236244
4350976.0,0.0060362876,0.4958059178516715,61.28125,19.65625,0.12060546875,0.1,18.05336846874424,-0.9515740796923637,300.0,20.86,0.6118555068969727,538.0,4249.0,,0.0,0.0001,0.15905551612377167,283.333125,0.0,145.59375,24.4375,61.28125,275.5625,93.125,16992.0,0.18888875,-0.008008232340216637,3.6596096,39.75,365.9609599999997,8084.0,0.40269667468965054,
4500480.0,0.0038219062,0.480059197995095,81.125,19.5,0.2021484375,0.1,21.36247769744876,-1.130278803408146,300.0,20.54,0.6547757387161255,540.0,4395.0,21.8424652286528,0.0,0.0001,0.08666841685771942,321.55208333333337,0.0,131.84375,42.96875,81.125,257.03125,87.03125,17576.0,0.21436805555555558,-0.00835796829778701,3.599808,40.625,359.9807999999997,8332.0,0.23557323310524225,-338.1383347713469
4651008.0,0.005304808,0.5046044049202447,109.3125,20.4375,0.130615234375,0.1,24.183369719505254,-1.0901788026094437,300.0,20.76,0.7921925783157349,542.0,4542.0,,0.0,0.0001,0.067049041390419,372.96166666666664,0.0,100.09375,25.40625,109.3125,274.59375,90.59375,18164.0,0.2486411111111111,-0.01205292867962271,3.5395968,40.5625,353.9596799999997,8575.0,0.20294999051839113,
4800512.0,0.0042715017,0.503444705640855,81.59375,20.21875,0.142822265625,0.1,20.31632056330903,-1.0942196696996689,300.0,20.8,0.7726893424987793,544.0,4688.0,21.216414386162942,0.0,0.0001,0.04316724091768265,312.5047916666667,0.0,112.9375,23.09375,81.59375,276.90625,105.46875,18748.0,0.20833652777777778,-0.012319015804678202,3.4797952,40.25,347.9795199999997,8817.0,0.15175742004066706,-326.76310561383673
4951040.0,0.008031267,0.5293884370297778,86.3125,21.15625,0.15234375,0.1,20.04151050831,-1.0539848506450653,300.0,21.48,0.6900011301040649,544.0,4835.0,,0.0,0.0001,0.07525759190320969,305.1625,0.0,84.375,23.90625,86.3125,276.09375,129.3125,19336.0,0.20344166666666666,-0.011786808783654124,3.419584,40.21875,341.9583999999997,9096.0,0.2450435934588313,
5100544.0,0.0071077878,0.5389778367134735,83.46875,20.8125,0.146484375,0.1,20.490659776557145,-1.1300428807735443,300.0,21.0,0.7607139945030212,544.0,4981.0,19.810739287400363,0.0,0.0001,0.07905200123786926,304.78479166666665,0.0,97.375,40.03125,83.46875,259.96875,119.15625,19920.0,0.2031898611111111,-0.011139065260067582,3.3597824000000003,38.78125,335.97823999999974,9372.0,0.2380905905738473,-316.1675007125994
5250048.0,0.0056783026,0.5258480153284106,104.21875,21.375,0.1455078125,0.1,24.53589367753307,-0.9458240866661072,300.0,21.03,0.8027181625366211,544.0,5127.0,,0.0,0.0001,0.07874149084091187,365.1477083333333,0.0,107.1875,23.8125,104.21875,276.1875,88.59375,20504.0,0.24343180555555555,-0.011967377038672566,3.2999808,40.625,329.99807999999973,9637.0,0.28387284465134144,
5400576.0,0.00444472,0.5156259037973869,112.34375,21.6875,0.17236328125,0.1,26.120641690726444,-1.0271415747702122,300.0,21.39,0.7472866177558899,544.0,5274.0,26.025696238987802,0.0,0.0001,0.09070751070976257,380.97562500000004,0.0,103.59375,41.21875,112.34375,258.78125,84.0625,21092.0,0.25398375,-0.011365368380211294,3.2397696,42.21875,323.9769599999997,9920.0,0.2630180846899748,-297.9512637610119
5550080.0,0.007559493,0.4891344229553432,117.1875,20.5,0.173828125,0.1,25.038262701818034,-1.036217462271452,300.0,20.54,0.6116859912872314,544.0,5420.0,,0.0,0.0001,0.08910786360502243,382.7816666666667,0.0,88.9375,45.65625,117.1875,254.34375,93.875,21676.0,0.2551877777777778,-0.01347418554360047,3.1799679999999997,42.09375,317.9967999999997,10192.0,0.2645715782418847,
5700608.0,0.0058336314,0.4907141956335225,105.4375,20.34375,0.203125,0.1,23.107791609053983,-1.0878821089863777,300.0,20.91,0.8101410865783691,544.0,5567.0,23.793134473825095,0.0,0.0001,0.09978878498077393,351.7591666666667,0.0,90.4375,67.71875,105.4375,232.28125,104.125,22264.0,0.2345061111111111,-0.010781839140690863,3.1197568,41.3125,311.9756799999998,10467.0,0.2846722397953272,-288.1825455261747
5850112.0,0.0072270306,0.508651264495687,148.78125,21.46875,0.1494140625,0.1,27.85298778510358,-0.9823857322335243,300.0,21.0,0.7588542103767395,543.0,5713.0,,0.0,0.0001,0.06980957090854645,450.501875,0.0,72.46875,48.03125,148.78125,251.96875,78.75,22848.0,0.30033458333333335,-0.015783548296894878,3.0599552,42.28125,305.9955199999998,10754.0,0.25376102328300476,
6000640.0,0.006875374,0.5177851503565338,145.40625,21.59375,0.131591796875,0.1,27.83530510785745,-1.044282726943493,300.0,20.93,0.7820268273353577,542.0,5860.0,26.373177410888914,0.0,0.0001,0.06253080070018768,445.553125,0.0,80.25,62.1875,145.40625,237.8125,74.34375,23436.0,0.29703541666666666,-0.011769372329581529,2.999744,41.875,299.9743999999998,11059.0,0.21763429045677185,-273.6012225891109
6150144.0,0.0059141777,0.5183194287642465,134.59375,22.0,0.1533203125,0.1,26.884105017278547,-1.047458603978157,300.0,21.21,0.6904588937759399,542.0,6006.0,,0.0,0.0001,0.10201267898082733,425.8677083333333,0.0,89.75,53.75,134.59375,246.25,75.65625,24020.0,0.28391180555555556,-0.012906812713481486,2.9399424,42.53125,293.99423999999976,11344.0,0.28741701878607273,
6300672.0,0.006100451,0.5232194339150964,145.09375,21.53125,0.168212890625,0.1,28.446395304881225,-0.9598294831812382,300.0,21.31,0.762479305267334,541.0,6153.0,28.936804720016283,0.0,0.0001,0.07915958017110825,449.936875,0.0,83.25,35.8125,145.09375,264.1875,71.65625,24608.0,0.2999579166666666,-0.010121796221937984,2.8797312,41.3125,287.97311999999977,11630.0,0.26301595754921436,-259.03631527998346
6450176.0,0.0055529764,0.47963580496260133,146.71875,20.28125,0.11181640625,0.1,29.63628625907198,-0.9423894993960857,300.0,20.61,0.750115692615509,542.0,6299.0,,0.0,0.0001,0.0689525306224823,461.44395833333334,0.0,95.46875,41.65625,146.71875,258.34375,57.8125,25192.0,0.30762930555555557,-0.010978490230627358,2.8199296,42.34375,281.99295999999975,11899.0,0.21482600457966328,
6600704.0,0.00803151,0.5059345140724718,145.625,21.125,0.174072265625,0.1,29.63253495621845,-0.9277125038206577,300.0,20.64,0.8232241868972778,542.0,6446.0,29.33985154536957,0.0,0.0001,0.09969696402549744,458.60541666666666,0.0,93.625,32.28125,145.625,267.71875,60.75,25780.0,0.30573694444444444,-0.009599385608453304,2.7597184,41.90625,275.97183999999976,12172.0,0.27775615360587835,-246.63198845463018
6750208.0,0.00504971,0.49571822861588793,131.3125,20.9375,0.15185546875,0.1,27.554766347239486,-0.8950534947216511,300.0,21.29,0.6576986312866211,541.0,6592.0,,0.0,0.0001,0.12201716750860214,426.07625,0.0,98.8125,34.0,131.3125,266.0,69.875,26364.0,0.28405083333333336,-0.01047816633945331,2.6999168,42.4375,269.99167999999975,12461.0,0.3169838134199381,
6900736.0,0.007764034,0.5332640735593134,138.34375,22.4375,0.145751953125,0.1,28.108059453514294,-0.8800508938729763,300.0,21.79,0.7386009693145752,541.0,6739.0,28.3875857546162,0.0,0.0001,0.09929952025413513,440.9839583333333,0.0,95.9375,40.28125,138.34375,259.71875,65.71875,26952.0,0.2939893055555556,-0.016644520976115018,2.6397056,42.0,263.9705599999998,12734.0,0.2878219857811928,-235.5829742453836
7050240.0,0.008304925,0.5307985480409115,128.5,21.96875,0.150146484375,0.1,27.048170069343467,-0.9859233535826206,300.0,21.35,0.7394952178001404,542.0,6885.0,,0.0,0.0001,0.07971301674842834,419.25374999999997,0.0,101.4375,46.84375,128.5,253.15625,70.0625,27536.0,0.2795025,-0.016610140912234783,2.579904,41.5,257.9903999999998,13000.0,0.25659668259322643,
7200768.0,0.0060425852,0.5190686864816287,133.375,22.0,0.15771484375,0.1,25.65009990591527,-0.9813578687608242,300.0,21.6,0.7579053640365601,542.0,7032.0,24.20595117565765,0.0,0.0001,0.0985138788819313,409.3770833333333,0.0,70.34375,57.96875,133.375,242.03125,96.28125,28124.0,0.2729180555555556,-0.01351793302455917,2.5196928,42.5,251.9692799999998,13279.0,0.28114915266633034,-227.76332882434215
7350272.0,0.0065499917,0.5213791526117731,139.5625,21.5625,0.121337890625,0.1,28.18919134445227,-0.841323334723711,300.0,21.69,0.7891619205474854,542.0,7178.0,,0.0,0.0001,0.07687066495418549,450.96,0.0,107.625,47.46875,139.5625,252.53125,52.8125,28708.0,0.30064,-0.012840903655160218,2.4598912,41.5,245.9891199999998,13548.0,0.25021572690457106,
7500800.0,0.0062386966,0.5067090678150405,111.875,20.6875,0.142822265625,0.1,24.8943610834951,-0.9016845859587193,300.0,20.92,0.7177181243896484,542.0,7325.0,25.326625553214594,0.0,0.0001,0.05448378995060921,396.41875000000005,0.0,128.15625,39.21875,111.875,260.78125,59.96875,29296.0,0.2642791666666666,-0.014068686577957124,2.39968,40.9375,239.9679999999998,13827.0,0.21909505780786276,-214.6413744467852
7650304.0,0.005563158,0.515976077700349,105.4375,21.4375,0.164794921875,0.1,24.260595996765705,-0.950051985681057,300.0,21.35,0.6641530990600586,542.0,7471.0,,0.0,0.0001,0.08157603442668915,380.5908333333333,0.0,128.09375,36.65625,105.4375,263.34375,66.46875,29880.0,0.2537272222222222,-0.01065206341445446,2.3398784,41.78125,233.98783999999978,14097.0,0.23900902643799782,
7800832.0,0.0074671945,0.5301552811422632,95.46875,22.0625,0.1357421875,0.1,23.80850778443969,-0.7693739831447601,300.0,21.18,0.7940210700035095,542.0,7618.0,24.481516044844234,0.0,0.0001,0.06763756275177002,376.768125,0.0,159.0,32.53125,95.46875,267.46875,45.53125,30468.0,0.25117875,-0.01166094176005572,2.2796672,41.59375,227.9667199999998,14385.0,0.23668689373880625,-203.48520395515558
7950336.0,0.006672746,0.5371468028613238,63.71875,22.25,0.132080078125,0.1,19.56041111550293,-0.7716971933841705,300.0,21.41,0.5744901895523071,542.0,7764.0,,0.0,0.0001,0.10816193372011185,310.6010416666667,0.0,180.4375,41.5625,63.71875,258.4375,55.84375,31052.0,0.2070673611111111,-0.01212191060767509,2.2198656,41.53125,221.9865599999998,14654.0,0.28908348083496094,
8100864.0,0.0048197256,0.5074552683917274,73.375,21.0,0.121337890625,0.1,20.78206177973403,-0.7882587760686874,300.0,21.48,0.5809621810913086,542.0,7911.0,19.76865630185342,0.0,0.0001,0.0632723867893219,324.10333333333335,0.0,163.90625,38.375,73.375,261.625,62.71875,31640.0,0.21606888888888892,-0.011353489040629938,2.1596544,41.78125,215.9654399999998,14942.0,0.233379278331995,-196.1967836981464
8250368.0,0.0059741726,0.5251470660990649,98.25,21.84375,0.1494140625,0.1,23.108202055101156,-0.9644250012934208,300.0,21.15,0.8333263397216797,542.0,8057.0,,0.0,0.0001,0.0830860361456871,358.5554166666667,0.0,124.1875,48.84375,98.25,251.15625,77.5625,32224.0,0.23903694444444445,-0.013244987814687192,2.0998528,41.59375,209.98527999999982,15217.0,0.2861287025734782,
8400896.0,0.0067017465,0.5333505015005443,103.90625,22.375,0.1328125,0.1,23.07181365510303,-0.9874873869121075,300.0,22.3,0.7831228375434875,541.0,8204.0,24.360513589481926,0.0,0.0001,0.04458727315068245,359.829375,0.0,104.15625,44.78125,103.90625,255.21875,91.9375,32812.0,0.23988625,-0.014245972386561334,2.0396416,42.1875,203.96415999999982,15516.0,0.19347047805786133,-179.6036464105179
8550400.0,0.004570923,0.5045440391088984,111.25,21.15625,0.124755859375,0.1,23.710708272416564,-0.9152473919093609,300.0,21.96,0.6607547402381897,541.0,8350.0,,0.0,0.0001,0.094741590321064,375.06875,0.0,99.65625,45.78125,111.25,254.21875,89.09375,33396.0,0.25004583333333336,-0.015970050008036196,1.9798399999999998,42.21875,197.9839999999998,15798.0,0.27420216146856546,
8700928.0,0.008985015,0.516272823264613,138.8125,21.6875,0.158935546875,0.1,28.56426320116383,-0.9322367385029793,300.0,21.68,0.7759313583374023,541.0,8497.0,28.308783964541476,0.0,0.0001,0.07610116899013519,449.4316666666666,0.0,106.1875,36.59375,138.8125,263.40625,55.0,33984.0,0.2996211111111111,-0.015924162056762725,1.9196288,42.125,191.9628799999998,16078.0,0.3217900600284338,-163.65409603545834
8850432.0,0.006448852,0.5240143202616829,153.625,22.4375,0.13427734375,0.1,30.667102496911664,-0.8229141384363174,300.0,22.16,0.6708769798278809,541.0,8643.0,,0.0,0.0001,0.08748407661914825,489.84708333333333,0.0,109.8125,28.53125,153.625,271.46875,36.5625,34568.0,0.3265647222222222,-0.009062179480679333,1.8598271999999998,42.9375,185.98271999999983,16341.0,0.28526989091187716,
9000960.0,0.008182039,0.5336457250003364,144.03125,22.1875,0.17236328125,0.1,29.68952068143453,-0.8523840829730034,300.0,21.66,0.7117895483970642,541.0,8790.0,30.158267581276384,0.0,0.0001,0.07874149829149246,470.1889583333333,0.0,117.5,35.1875,144.03125,264.8125,38.46875,35156.0,0.31345930555555557,-0.015534870501141995,1.7996159999999999,41.875,179.96159999999983,16612.0,0.2772212466225028,-149.80333241872344
9150464.0,0.0070964834,0.5469154249518686,129.375,22.125,0.122802734375,0.1,27.36847122986553,-0.8540021106600761,300.0,21.79,0.7791044116020203,541.0,8936.0,,0.0,0.0001,0.09923893213272095,435.93125,0.0,125.0625,57.34375,129.375,242.65625,45.5625,35740.0,0.29062083333333333,-0.013875737378839403,1.7398144000000002,40.59375,173.98143999999988,16900.0,0.2876762477681041,
9300992.0,0.008736905,0.5238170219052524,125.21875,22.6875,0.165771484375,0.1,27.141644711725647,-0.9022307470440865,300.0,21.85,0.7441987991333008,541.0,9083.0,27.37900701984656,0.0,0.0001,0.07642336189746857,427.3677083333333,0.0,124.90625,41.25,125.21875,258.75,49.875,36328.0,0.28491180555555556,-0.01585172675549984,1.6796031999999999,43.4375,167.96031999999985,17191.0,0.257872081361711,-140.58131298015329
9450496.0,0.005968444,0.5220611741695654,107.875,22.46875,0.138671875,0.1,24.144008715567516,-0.8842065148055553,300.0,21.22,0.7874462604522705,541.0,9229.0,,0.0,0.0001,0.05426085367798805,384.255,0.0,126.1875,46.3125,107.875,253.6875,65.9375,36912.0,0.25617,-0.012873609142843634,1.6198016000000002,43.28125,161.98015999999987,17457.0,0.22310535330325365,
9601024.0,0.0058195656,0.5156064497873101,90.875,21.6875,0.154296875,0.1,21.798343535956437,-0.8992888629436493,300.0,21.86,0.803575873374939,541.0,9376.0,,0.0,0.0001,0.05694250762462616,337.49083333333334,0.0,119.375,44.0,90.875,256.0,89.75,37500.0,0.22499388888888888,-0.014934590377379209,1.5595903999999998,42.09375,155.95903999999985,17745.0,0.22007637191563845,
9750528.0,0.0069342745,0.5138442643664319,107.125,21.8125,0.13427734375,0.1,23.786179185665805,-0.8535210862755775,300.0,21.81,0.7180884480476379,541.0,9522.0,,0.0,0.0001,0.05853552371263504,373.63624999999996,0.0,112.875,45.21875,107.125,254.78125,80.0,38084.0,0.24909083333333334,-0.01631047867704183,1.4997888000000001,42.46875,149.9788799999999,18017.0,0.2406457234174013,
9901056.0,0.006319473,0.5068480051718777,116.375,21.6875,0.140869140625,0.1,23.99154791456954,-0.9093774035573006,300.0,22.2,0.7632676362991333,541.0,9669.0,,0.0,0.0001,0.07096105813980103,387.5441666666667,0.0,98.3125,41.125,116.375,258.875,85.3125,38672.0,0.25836277777777783,-0.01307191193336621,1.4395775999999998,43.03125,143.95775999999987,18290.0,0.2426844658330083,
10050560.0,0.0065173954,0.5156115748579804,139.5625,22.75,0.1337890625,0.1,26.766701907133232,-0.7642520181834698,300.0,22.62,0.758952260017395,541.0,9815.0,,0.0,0.0001,0.06782074272632599,432.03625,0.0,77.625,38.5,139.5625,261.5,82.8125,39256.0,0.28802416666666664,-0.013035547803156078,1.3797760000000001,44.15625,137.97759999999988,18554.0,0.23796927463263273,
10200064.0,0.008907571,0.5240565646445827,123.875,22.53125,0.149658203125,0.1,24.839794259352388,-0.8322462700307369,300.0,21.96,0.8393024206161499,542.0,9961.0,25.17924056996683,0.0,0.0001,0.04727255553007126,398.26166666666666,0.0,85.375,36.1875,123.875,263.8125,90.75,39840.0,0.2655077777777778,-0.014305450022220612,1.3199744,43.09375,131.9974399999999,18814.0,0.22760897316038609,-106.81819943003308
10350592.0,0.007145723,0.49574599996111934,152.5,20.65625,0.14794921875,0.1,29.332866163947667,-0.7760783024132252,300.0,21.09,0.6076490879058838,541.0,10108.0,,0.0,0.0001,0.07725678384304047,471.6375,0.0,86.53125,27.5,152.5,272.5,60.96875,40428.0,0.31442499999999995,-0.011300911544822156,1.2597632,41.71875,125.9763199999999,19101.0,0.2740062726661563,
10500096.0,0.009017905,0.5407166067595595,105.9375,22.65625,0.129150390625,0.1,22.232371314794754,-0.8200208023190498,300.0,21.91,0.8320751190185547,542.0,10254.0,21.369057602318378,0.0,0.0001,0.06922267377376556,356.75125,0.0,90.375,36.1875,105.9375,263.8125,103.6875,41012.0,0.23783416666666668,-0.016192011127714068,1.1999616,42.25,119.99615999999989,19364.0,0.256443340331316,-98.62710239768151
10650624.0,0.007169001,0.5558637259863934,106.875,23.46875,0.17626953125,0.1,23.25744199429049,-0.8947010673582554,300.0,22.11,0.6787135601043701,542.0,10401.0,,0.0,0.0001,0.07570680975914001,367.02458333333334,0.0,103.90625,45.28125,106.875,254.71875,89.21875,41600.0,0.24468305555555556,-0.015833606710657477,1.1397504,42.3125,113.97503999999991,19642.0,0.24422657303512096,
10800128.0,0.006668904,0.5341011106554923,106.375,22.75,0.115966796875,0.1,22.6763236095429,-0.8620086684823036,300.0,22.45,0.7680111527442932,541.0,10547.0,22.675742755216426,0.0,0.0001,0.09213607758283615,364.7045833333333,0.0,101.46875,40.65625,106.375,259.34375,92.15625,42184.0,0.2431363888888889,-0.012683031032793224,1.0799488,42.5625,107.9948799999999,19930.0,0.26427746936678886,-85.31913724478346
10950656.0,0.008483406,0.5171542400173886,111.375,21.53125,0.14453125,0.1,22.796860483124327,-0.8878173679113388,300.0,22.06,0.6019560098648071,541.0,10694.0,,0.0,0.0001,0.07898373901844025,366.6945833333333,0.0,89.84375,63.65625,111.375,236.34375,98.78125,42772.0,0.24446305555555553,-0.014967193535994738,1.0197376,41.65625,101.97375999999991,20212.0,0.2893382217735052,
11100160.0,0.009817438,0.5175232815399491,159.125,21.40625,0.13232421875,0.1,29.35116952576434,-0.8918690346181393,300.0,22.16,0.810279130935669,541.0,10840.0,31.10574392080972,0.0,0.0001,0.05739355832338333,489.21541666666667,0.0,93.4375,57.40625,159.125,242.59375,47.4375,43356.0,0.32614361111111106,-0.017490770667791367,1.0,41.5,99.99999999999991,20508.0,0.18472488410770893,-68.8942560791902
11250688.0,0.006174528,0.5078818090470368,160.5625,21.625,0.123046875,0.1,30.188615718744394,-0.8990217112004757,300.0,21.93,0.68061363697052,541.0,10987.0,,0.0,0.0001,0.08825021982192993,490.1329166666667,0.0,93.34375,79.1875,160.5625,220.8125,46.09375,43944.0,0.3267552777777778,-0.014317256631329656,1.0,42.6875,99.99999999999991,20780.0,0.2868978586047888,
11400192.0,0.00572008,0.502079437167807,151.375,21.78125,0.108642578125,0.1,29.51877588365331,-0.8158213831484318,300.0,22.05,0.7070918083190918,541.0,11133.0,29.19368589819188,0.0,0.0001,0.10470275580883026,470.02458333333334,0.0,96.03125,70.28125,151.375,229.71875,52.59375,44528.0,0.31334972222222224,-0.011229581636143848,1.0,43.3125,99.99999999999991,21064.0,0.31513962149620056,-70.80631410180803
11550720.0,0.0069819856,0.538567791244527,147.96875,21.59375,0.16064453125,0.1,29.083400620212288,-0.8696941398084164,300.0,21.74,0.5718857049942017,541.0,11280.0,,0.0,0.0001,0.10949091613292694,458.98812499999997,0.0,93.375,76.53125,147.96875,223.46875,58.65625,45116.0,0.30599208333333333,-0.015273237368091941,1.0,40.25,99.99999999999991,21347.0,0.40077858231961727,
11700224.0,0.005496225,0.5144838792650857,152.6875,22.09375,0.11328125,0.1,27.714542828863905,-0.894854225218296,300.0,22.06,0.7366706728935242,540.0,11426.0,29.74649631870753,0.0,0.0001,0.07731011509895325,452.66625,0.0,63.1875,59.8125,152.6875,240.1875,84.125,45700.0,0.3017775,-0.015154192922636867,1.0,43.09375,99.99999999999991,21631.0,0.23227600194513798,-70.25350368129239
11850752.0,0.004351499,0.4981879340135905,142.34375,20.75,0.138916015625,0.1,27.643872756833265,-0.8787228874862194,300.0,21.67,0.6276861429214478,540.0,11573.0,,0.0,0.0001,0.08636698126792908,435.4135416666667,0.0,75.0625,54.0625,142.34375,245.9375,82.59375,46288.0,0.29027569444444445,-0.01208558352664113,1.0,41.8125,99.99999999999991,21912.0,0.26183596905320883,
12000256.0,0.004710247,0.5200585975956808,96.1875,22.9375,0.088623046875,0.1,21.055524455062915,-0.9304428771138191,300.0,22.34,0.7029531002044678,540.0,11719.0,19.475243222085442,0.0,0.0001,0.10079936683177948,324.8925,0.0,84.375,65.21875,96.1875,234.78125,119.4375,46872.0,0.21659499999999998,-0.015584503416903317,1.0,44.0,99.99999999999991,22195.0,0.31673382222652435,-80.52475677791448
12150784.0,0.0071608974,0.52457627120266,74.71875,21.28125,0.115478515625,0.1,17.290981830080952,-0.8518610522150993,300.0,21.64,0.6852351427078247,541.0,11866.0,,0.0,0.0001,0.07016501575708389,268.90520833333335,0.0,79.90625,59.6875,74.71875,240.3125,145.375,47460.0,0.1792701388888889,-0.014126462338026613,1.0,40.3125,99.99999999999991,22456.0,0.2217323686927557,
12300288.0,0.006110768,0.5143541349500425,95.84375,21.84375,0.212890625,0.1,19.71091044302657,-0.8958650343120098,300.0,21.38,0.7445858120918274,540.0,12012.0,21.044322035519958,0.0,0.0001,0.09527132660150528,316.20479166666667,0.0,71.96875,61.53125,95.84375,238.46875,132.1875,48044.0,0.21080319444444445,-0.014648340467829257,1.0,42.65625,99.99999999999991,22743.0,0.27969755977392197,-78.95567796447996
12450816.0,0.008112476,0.504558883007184,157.375,20.78125,0.1484375,0.1,29.18923540706595,-0.8621841631829739,300.0,21.76,0.7032499313354492,540.0,12159.0,,0.0,0.0001,0.06219294294714928,476.86625,0.0,83.90625,70.90625,157.375,229.09375,58.71875,48632.0,0.3179108333333333,-0.01706897042458877,1.0,41.28125,99.99999999999991,23028.0,0.19639602024108171,
12600320.0,0.0060300035,0.48559873622294736,152.15625,21.21875,0.142578125,0.1,29.352838313091418,-0.8208988904953003,300.0,21.93,0.6667582988739014,540.0,12305.0,29.957061391480185,0.0,0.0001,0.09154067933559418,473.33437499999997,0.0,95.625,56.71875,152.15625,243.28125,52.21875,49216.0,0.31555625,-0.012769784138072282,1.0,43.9375,99.99999999999991,23311.0,0.2550786305218935,-70.04293860851973
12750848.0,0.007688568,0.5047022120306889,128.59375,22.65625,0.1416015625,0.1,26.590195232832933,-0.7821316905319691,300.0,22.15,0.6762306690216064,540.0,12452.0,,0.0,0.0001,0.06277572363615036,425.91312500000004,0.0,115.40625,70.90625,128.59375,229.09375,56.0,49804.0,0.2839420833333333,-0.016095573315396905,1.0,44.875,99.99999999999991,23584.0,0.2377749951556325,
12900352.0,0.008097486,0.515338983233118,136.09375,22.0,0.13623046875,0.1,28.22956425563111,-0.8296177759766579,300.0,21.7,0.7056067585945129,540.0,12598.0,27.459310134604824,0.0,0.0001,0.0840245857834816,443.47979166666664,0.0,114.25,74.34375,136.09375,225.65625,49.65625,50388.0,0.2956531944444445,-0.015387472230941057,1.0,42.71875,99.99999999999991,23866.0,0.2795235002413392,-72.5406898653951
13050880.0,0.007205058,0.519594004125315,143.03125,22.65625,0.14013671875,0.1,29.28105735517496,-0.8265256844460964,300.0,21.98,0.67313551902771,540.0,12745.0,,0.0,0.0001,0.10636487603187561,466.056875,0.0,119.34375,59.03125,143.03125,240.96875,37.625,50976.0,0.31070458333333334,-0.013597453653346747,1.0,43.78125,99.99999999999991,24152.0,0.28348090313374996,
13200384.0,0.009527277,0.5160048613896897,127.40625,21.53125,0.16552734375,0.1,26.586686426374925,-0.8960741087794304,300.0,21.5,0.8479772806167603,540.0,12891.0,25.753464091749443,0.0,0.0001,0.06992527842521667,423.183125,0.0,118.59375,86.625,127.40625,213.375,54.0,51560.0,0.28212208333333333,-0.01899311170564033,1.0,41.6875,99.99999999999991,24424.0,0.28494011983275414,-74.24653590825048
13350912.0,0.005210589,0.5311473239131026,111.0,22.28125,0.129150390625,0.1,23.600404463785203,-0.8566298335790634,300.0,22.05,0.7825796604156494,540.0,13038.0,,0.0,0.0001,0.09747956693172455,379.2129166666667,0.0,112.1875,75.65625,111.0,224.34375,76.8125,52148.0,0.2528086111111111,-0.0144666523556225,1.0,42.1875,99.99999999999991,24712.0,0.31671080365777016,
13500416.0,0.009917345,0.5240420699443424,154.75,22.0,0.17333984375,0.1,29.500556450126837,-0.8686356358230114,300.0,21.73,0.7689992189407349,539.0,13184.0,29.493568504005626,0.0,0.0001,0.04730398952960968,475.50666666666666,0.0,88.09375,50.8125,154.75,249.1875,57.15625,52732.0,0.3170044444444444,-0.015242819499690086,1.0,42.28125,99.99999999999991,25004.0,0.19540898874402046,-70.50643149599429
13650944.0,0.006611348,0.4943912298101157,158.3125,22.0625,0.1435546875,0.1,30.077560577860208,-0.820649866014719,300.0,22.28,0.783494234085083,539.0,13331.0,,0.0,0.0001,0.09440827369689941,484.16291666666666,0.0,86.59375,44.5625,158.3125,255.4375,55.09375,53320.0,0.3227752777777778,-0.012838913535233587,1.0,44.625,99.99999999999991,25282.0,0.22773645631968975,
13800448.0,0.0057601584,0.5138043613073349,126.375,21.65625,0.105224609375,0.1,25.828879485595028,-0.9357375875115395,300.0,21.96,0.6789021492004395,539.0,13477.0,24.41592842901248,0.0,0.0001,0.09156402945518494,409.79791666666665,0.0,96.4375,53.59375,126.375,246.40625,77.1875,53904.0,0.2731986111111111,-0.01717240404104814,1.0,42.34375,99.99999999999991,25562.0,0.2873841002583504,-75.58407157098743
13950976.0,0.0065890895,0.5117768481525036,153.75,22.40625,0.154296875,0.1,29.38832483661439,-0.906842514872551,300.0,21.9,0.6714556217193604,540.0,13624.0,,0.0,0.0001,0.062364209443330765,468.9254166666667,0.0,82.5625,54.09375,153.75,245.90625,63.6875,54492.0,0.31261694444444443,-0.014649970253231004,1.0,43.875,99.99999999999991,25827.0,0.22759750857949257,
14100480.0,0.007946331,0.4961651355161193,135.34375,20.96875,0.1572265625,0.1,27.235289392604624,-0.9531092792749405,300.0,21.43,0.7894036769866943,539.0,13770.0,26.52972701036643,0.0,0.0001,0.05094510689377785,432.43145833333335,0.0,100.34375,73.53125,135.34375,226.46875,64.3125,55076.0,0.2882876388888889,-0.01637544308323413,1.0,42.625,99.99999999999991,26121.0,0.22059053927659988,-73.47027298963349
14251008.0,0.007943192,0.5298640299406915,155.25,22.4375,0.170166015625,0.1,30.634281025735667,-0.839195042848587,300.0,22.37,0.6960325241088867,539.0,13917.0,,0.0,0.0001,0.09601745754480362,484.19000000000005,0.0,102.28125,67.6875,155.25,232.3125,42.46875,55664.0,0.3227933333333333,-0.01738089811988175,1.0,42.375,99.99999999999991,26401.0,0.2843237668275833,
14400512.0,0.0066035446,0.5288610041540072,154.5625,22.46875,0.12890625,0.1,30.152137272542674,-0.8922570683062077,300.0,21.88,0.7510684728622437,539.0,14063.0,29.99015692354108,0.0,0.0001,0.09847213327884674,476.62833333333333,0.0,93.21875,66.03125,154.5625,233.96875,52.21875,56248.0,0.3177522222222222,-0.014525936217978597,1.0,42.5625,99.99999999999991,26670.0,0.2937131095677614,-70.00984307645884
14551040.0,0.009804847,0.5487398694624395,100.34375,22.1875,0.176513671875,0.1,21.660495531743017,-0.9219957664608955,300.0,22.46,0.8100069165229797,539.0,14210.0,,0.0,0.0001,0.051018185913562775,346.000625,0.0,101.25,69.65625,100.34375,230.34375,98.40625,56836.0,0.23066708333333336,-0.019451753818430007,1.0,40.875,99.99999999999991,26950.0,0.2138017239049077,
14700544.0,0.008355048,0.5145480413721828,125.65625,22.3125,0.1396484375,0.1,25.077976050442114,-0.8595413044095039,300.0,22.4,0.7472371459007263,539.0,14356.0,25.002241174104803,0.0,0.0001,0.0822315663099289,395.458125,0.0,80.53125,69.75,125.65625,230.25,93.8125,57420.0,0.26363875000000003,-0.016517408890649676,1.0,43.5,99.99999999999991,27248.0,0.28072912339121103,-74.99775882589512
14851072.0,0.007594471,0.4974422067049805,164.03125,21.40625,0.14013671875,0.1,30.644100767972034,-0.8994459211826324,300.0,22.08,0.7057126760482788,539.0,14503.0,,0.0,0.0001,0.06619676947593689,492.8685416666667,0.0,79.28125,50.53125,164.03125,249.46875,56.6875,58008.0,0.32857902777777775,-0.016687086899764836,1.0,43.0,99.99999999999991,27546.0,0.26093397196382284,
15000576.0,0.006295914,0.5500509805428763,149.53125,22.46875,0.1318359375,0.1,27.943467574915044,-0.828885231167078,300.0,22.35,0.6505606174468994,539.0,14649.0,28.142098944362246,0.0,0.0001,0.11033731698989868,451.3664583333333,0.0,73.90625,64.4375,149.53125,235.5625,76.5625,58592.0,0.3009109722222222,-0.014713180717080832,1.0,41.1875,99.99999999999991,27814.0,0.33203135430812836,-71.85790105563767
15150080.0,0.006706316,0.5283212408331129,142.25,22.25,0.152587890625,0.1,26.715171437441324,-0.9734039828181267,300.0,22.48,0.7517833113670349,538.0,14795.0,,0.0,0.0001,0.0684177502989769,425.8175,0.0,65.25,77.5625,142.25,222.4375,92.5,59176.0,0.28387833333333334,-0.01579565112479031,1.0,42.40625,99.99999999999991,28107.0,0.24676113855093718,
15300608.0,0.011303314,0.4947069636349297,144.96875,21.5625,0.180419921875,0.1,26.37883337232555,-0.8550007380545139,300.0,21.84,0.8184431791305542,539.0,14942.0,27.424588507278255,0.0,0.0001,0.07153592258691788,420.31770833333337,0.0,49.4375,92.1875,144.96875,207.8125,105.59375,59764.0,0.2802118055555556,-0.016279099858365953,1.0,43.5625,99.99999999999991,28376.0,0.2688369294628501,-72.57541149272166
15450112.0,0.0075853653,0.5089615474829114,135.84375,21.875,0.13818359375,0.1,25.67091049734633,-0.9239452295005322,300.0,22.32,0.8028447031974792,539.0,15088.0,,0.0,0.0001,0.07287143915891647,412.540625,0.0,69.65625,79.21875,135.84375,220.78125,94.5,60348.0,0.27502708333333337,-0.01763369783293456,1.0,42.96875,99.99999999999991,28647.0,0.2214915631338954,
15600640.0,0.007303913,0.5189070077507819,121.8125,20.75,0.16943359375,0.1,23.367492017659842,-0.9386003762483597,300.0,21.45,0.7785978317260742,539.0,15235.0,24.349667921655985,0.0,0.0001,0.10818544030189514,374.67,0.0,67.59375,91.03125,121.8125,208.96875,110.59375,60936.0,0.24978,-0.01717442728113383,1.0,40.3125,99.99999999999991,28922.0,0.3065668251365423,-75.65033207834392
15750144.0,0.009368515,0.5154841312631839,122.6875,22.1875,0.133056640625,0.1,23.840326050718296,-0.8225039020180702,300.0,22.57,0.7282782793045044,538.0,15381.0,,0.0,0.0001,0.09755124896764755,380.1404166666667,0.0,68.125,66.625,122.6875,233.375,109.1875,61520.0,0.25342694444444447,-0.014941199915483594,1.0,43.15625,99.99999999999991,29249.0,0.32680748403072357,
15900672.0,0.0073179444,0.5096150135275364,135.28125,21.84375,0.140625,0.1,25.5399028175057,-0.8914252556860447,300.0,21.97,0.7201437950134277,537.0,15528.0,24.34555382079966,0.0,0.0001,0.10369163751602173,407.85520833333334,0.0,67.15625,92.65625,135.28125,207.34375,97.5625,62108.0,0.2719034722222222,-0.017998637980781496,1.0,43.03125,99.99999999999991,29565.0,0.32875318825244904,-75.65444617920025
16050176.0,0.009438219,0.5187416157893268,113.5625,21.34375,0.13818359375,0.1,22.392189833355204,-0.9448952227830887,300.0,22.74,0.7224723100662231,537.0,15674.0,,0.0,0.0001,0.07314304262399673,355.84708333333333,0.0,67.0625,73.0625,113.5625,226.9375,119.375,62692.0,0.23723138888888887,-0.018129146890714765,1.0,41.25,99.99999999999991,29845.0,0.2467594789341092,
16200704.0,0.0053793318,0.49338069869880913,130.59375,21.09375,0.11376953125,0.1,25.55931992198486,-0.8836903721094131,300.0,21.96,0.8192198872566223,537.0,15821.0,26.222596054423136,0.0,0.0001,0.05879621207714081,401.8677083333333,0.0,70.71875,64.6875,130.59375,235.3125,98.6875,63280.0,0.26791180555555555,-0.01504761801334098,1.0,42.875,99.99999999999991,30117.0,0.21155523601919413,-73.77740394557678
16350208.0,0.0068070004,0.5088435400461941,129.6875,22.15625,0.1259765625,0.1,24.562431469638387,-0.8573168553411961,300.0,22.27,0.7082936763763428,538.0,15967.0,,0.0,0.0001,0.09142468124628067,393.01250000000005,0.0,63.84375,81.40625,129.6875,218.59375,106.46875,63864.0,0.26200833333333334,-0.016549671185202897,1.0,43.59375,99.99999999999991,30388.0,0.2874034885317087,
16500736.0,0.0058332495,0.5268028796328039,134.09375,22.90625,0.1171875,0.1,24.693365529690833,-0.8109433986246586,300.0,22.85,0.6480320692062378,538.0,16114.0,25.79092700191127,0.0,0.0001,0.09179075062274933,399.689375,0.0,55.6875,72.25,134.09375,227.75,110.21875,64452.0,0.2664595833333333,-0.015289227711036801,1.0,43.625,99.99999999999991,30664.0,0.2758067362010479,-74.20907299808864
16650240.0,0.0065724626,0.501019118224858,152.9375,22.34375,0.127197265625,0.1,28.646303584436808,-0.8248598985373974,300.0,22.25,0.6666097640991211,538.0,16260.0,,0.0,0.0001,0.08873355388641357,462.18874999999997,0.0,79.59375,76.8125,152.9375,223.1875,67.46875,65036.0,0.3081258333333333,-0.016000604664441198,1.0,44.59375,99.99999999999991,30941.0,0.3008541166782379,
16800768.0,0.008281959,0.5284268731597672,143.1875,22.4375,0.128173828125,0.1,27.49288725857722,-0.7664954960346222,300.0,22.32,0.7130705118179321,538.0,16407.0,27.262645218905536,0.0,0.0001,0.059281643480062485,437.15000000000003,0.0,77.0625,68.28125,143.1875,231.71875,79.75,65624.0,0.2914333333333333,-0.01423808463732712,1.0,42.46875,99.99999999999991,31199.0,0.23700115643441677,-72.73735478109438
16950272.0,0.008913097,0.5108211778904148,102.6875,21.5,0.148681640625,0.1,20.979637710568138,-0.8032000921666622,300.0,22.52,0.7123033404350281,538.0,16553.0,,0.0,0.0001,0.05199899896979332,336.6404166666666,0.0,77.59375,65.0625,102.6875,234.9375,119.71875,66208.0,0.22442694444444444,-0.01705205225152895,1.0,42.28125,99.99999999999991,31474.0,0.22431725077331066,
17100800.0,0.005489036,0.5324261902823075,108.84375,22.96875,0.113037109375,0.1,22.101699505542285,-0.890663493424654,300.0,22.72,0.7970322966575623,538.0,16700.0,20.801985389640297,0.0,0.0001,0.08935246616601944,356.41145833333337,0.0,88.34375,88.28125,108.84375,211.71875,102.8125,66796.0,0.2376076388888889,-0.010881882219109684,1.0,43.21875,99.99999999999991,31742.0,0.264554375782609,-79.19801461035962
17250304.0,0.01289043,0.5115238095746866,92.0,22.0,0.17236328125,0.1,20.357714986985776,-0.7968500331044197,300.0,22.36,0.727027177810669,539.0,16846.0,,0.0,0.0001,0.057147011160850525,325.39125,0.0,101.90625,71.21875,92.0,228.78125,106.09375,67380.0,0.2169275,-0.019497034954838455,1.0,43.0,99.99999999999991,31999.0,0.21605879440903664,
17400832.0,0.008747976,0.5539277272759409,87.875,22.21875,0.15966796875,0.1,19.27201322088036,-0.8088100850582123,300.0,21.85,0.7395455241203308,539.0,16993.0,17.84906671984546,0.0,0.0001,0.046512991189956665,316.00416666666666,0.0,102.90625,69.0625,87.875,230.9375,109.21875,67968.0,0.21066944444444444,-0.016001295007299632,1.0,40.40625,99.99999999999991,32282.0,0.1843018587678671,-82.15093328015445
17550336.0,0.009934222,0.5007182292059384,113.0625,21.875,0.168212890625,0.1,23.066527021117665,-0.807542409747839,300.0,21.78,0.686284065246582,539.0,17139.0,,0.0,0.0001,0.04243642836809158,373.64208333333335,0.0,93.59375,61.75,113.0625,238.25,93.34375,68552.0,0.2490947222222222,-0.019556640647351742,1.0,43.8125,99.99999999999991,32548.0,0.18817471340298653,
17700864.0,0.009872679,0.5169873522567267,118.71875,22.1875,0.167236328125,0.1,22.873486581400037,-0.7647334113717079,300.0,22.18,0.8521944284439087,539.0,17286.0,22.36932027770178,0.0,0.0001,0.06674972176551819,372.548125,0.0,73.875,79.15625,118.71875,220.84375,107.40625,69140.0,0.24836541666666667,-0.01389807288069278,1.0,42.9375,99.99999999999991,32824.0,0.2333611324429512,-77.63067972229814
17850368.0,0.009898439,0.5461390205325293,130.65625,22.9375,0.127197265625,0.1,25.254503181897498,-0.8740714639425278,300.0,22.44,0.7301679849624634,539.0,17432.0,,0.0,0.0001,0.10507754236459732,404.96354166666663,0.0,79.65625,89.84375,130.65625,210.15625,89.6875,69724.0,0.26997569444444447,-0.015780623478349298,1.0,42.125,99.99999999999991,33106.0,0.2994760498404503,
18000896.0,0.009897059,0.546452200530382,95.8125,21.59375,0.14599609375,0.1,21.128868126226635,-0.9190076515078545,300.0,21.63,0.8415734171867371,538.0,17579.0,20.354064888974683,0.0,0.0001,0.05551045015454292,330.81708333333336,0.0,100.625,98.3125,95.8125,201.6875,103.5625,70312.0,0.2205447222222222,-0.019455903209745884,1.0,39.65625,99.99999999999991,33398.0,0.20404140930622816,-79.64593511102524
18150400.0,0.004804781,0.5256131340362167,99.0,22.25,0.09326171875,0.1,21.384893630829215,-0.8363036289811134,300.0,22.95,0.8159351348876953,538.0,17725.0,,0.0,0.0001,0.07473072409629822,338.2679166666667,0.0,95.5,74.15625,99.0,225.84375,105.5,70896.0,0.22551194444444445,-0.012277709203772247,1.0,42.34375,99.99999999999991,33682.0,0.23315579537302256,
18300928.0,0.009886643,0.5321996478199059,114.78125,22.71875,0.1396484375,0.1,24.067380660723607,-0.8105639740824699,300.0,23.12,0.8002137541770935,539.0,17872.0,24.071217319337897,0.0,0.0001,0.04229922592639923,379.3389583333333,0.0,96.3125,65.1875,114.78125,234.8125,88.90625,71484.0,0.2528926388888889,-0.01617136423010379,1.0,42.78125,99.99999999999991,33951.0,0.1942977262660861,-75.92878268066201
18450432.0,0.0063235625,0.5445622370965515,118.65625,23.875,0.12939453125,0.1,23.91453759056611,-0.7565045207738876,300.0,22.87,0.7084160447120667,539.0,18018.0,,0.0,0.0001,0.08791685104370117,384.408125,0.0,90.375,70.6875,118.65625,229.3125,90.96875,72068.0,0.25627208333333334,-0.01490592653863132,1.0,43.9375,99.99999999999991,34224.0,0.27240848541259766,
18600960.0,0.007744869,0.515193465495888,119.90625,21.90625,0.145263671875,0.1,23.61860473062577,-0.7594590671360493,300.0,22.52,0.6092597842216492,539.0,18165.0,23.6246090101874,0.0,0.0001,0.055457185953855515,383.671875,0.0,85.21875,74.21875,119.90625,225.78125,94.875,72656.0,0.25578125,-0.015630057780072093,1.0,42.78125,99.99999999999991,34503.0,0.22099414095282555,-76.37539098981252
18750464.0,0.008283303,0.5619187119326272,111.0625,24.1875,0.144287109375,0.1,21.52378127397187,-0.7345023192465305,300.0,22.33,0.7739071846008301,539.0,18311.0,,0.0,0.0001,0.08490528166294098,345.0725,0.0,62.8125,87.15625,111.0625,212.84375,126.125,73240.0,0.23004833333333335,-0.013515526195988059,1.0,43.21875,99.99999999999991,34783.0,0.2507924120873213,
18900992.0,0.0072213737,0.5268553614922062,98.78125,21.65625,0.141845703125,0.1,18.814642821372843,-0.8023819178342819,300.0,22.07,0.6773389577865601,539.0,18458.0,17.754400554498623,0.0,0.0001,0.0741962343454361,309.025625,0.0,52.6875,75.4375,98.78125,224.5625,148.53125,73828.0,0.2060170833333333,-0.012416368175763637,1.0,41.3125,99.99999999999991,35058.0,0.26020657271146774,-82.24559944550128
19050496.0,0.010782643,0.5338721688573353,105.25,23.03125,0.146240234375,0.1,21.005613096642723,-0.8574539609253407,300.0,22.44,0.7962921857833862,538.0,18604.0,,0.0,0.0001,0.07105328142642975,335.51666666666665,0.0,66.0625,63.75,105.25,236.25,128.6875,74412.0,0.22367777777777775,-0.017057814809959382,1.0,43.21875,99.99999999999991,35354.0,0.2639147210866213,
19201024.0,0.0075665596,0.537404772810879,166.21875,23.5,0.129638671875,0.1,30.619164635597215,-0.8027537204325199,300.0,23.17,0.7364153861999512,538.0,18751.0,,0.0,0.0001,0.08109836280345917,477.5497916666667,0.0,52.65625,75.84375,166.21875,224.15625,81.125,75000.0,0.3183665277777778,-0.014518133830279112,1.0,44.0,99.99999999999991,35623.0,0.29968205466866493,
19350528.0,0.010474971,0.49624237335123195,155.59375,21.875,0.19921875,0.1,28.99346447448372,-0.843658521771431,300.0,22.0,0.6543205976486206,539.0,18897.0,,0.0,0.0001,0.08928078413009644,456.82354166666664,0.0,61.0,73.5625,155.59375,226.4375,83.40625,75584.0,0.30454902777777776,-0.017436485912185162,1.0,44.25,99.99999999999991,35895.0,0.2879480328410864,
19501056.0,0.009189656,0.5014285575270336,157.4375,22.96875,0.138427734375,0.1,30.517804467110075,-0.8324206881225109,300.0,23.03,0.6265260577201843,539.0,19044.0,,0.0,0.0001,0.05996484309434891,473.5670833333333,0.0,78.03125,67.0625,157.4375,232.9375,64.53125,76172.0,0.31571138888888883,-0.014425151399336755,1.0,45.96875,99.99999999999991,36178.0,0.22573558147996664,
19650560.0,0.008616029,0.5089472224515614,130.25,22.40625,0.1650390625,0.1,24.67217671640637,-0.8297884427011013,300.0,22.76,0.7425192594528198,538.0,19190.0,,0.0,0.0001,0.10625108331441879,401.0679166666667,0.0,70.09375,60.71875,130.25,239.28125,99.65625,76756.0,0.2673786111111111,-0.018672252830583602,1.0,43.96875,99.99999999999991,36465.0,0.32018882781267166,
19801088.0,0.01378583,0.5404931572583254,126.625,23.78125,0.183349609375,0.1,24.893788811714934,-0.8172551020979881,300.0,23.29,0.6851701736450195,539.0,19337.0,,0.0,0.0001,0.0942402109503746,386.11,0.0,65.53125,84.5,126.625,215.5,107.84375,77344.0,0.2574066666666667,-0.02146913157775998,1.0,44.28125,99.99999999999991,36736.0,0.28735936246812344,
19950592.0,0.01142828,0.5237946460496408,114.21875,22.65625,0.202392578125,0.1,21.750581382540993,-0.8228450641036034,300.0,22.76,0.7617127299308777,539.0,19483.0,,0.0,0.0001,0.050320472568273544,355.5214583333333,0.0,67.15625,89.96875,114.21875,210.03125,118.625,77928.0,0.23701430555555555,-0.017248981923330575,1.0,43.28125,99.99999999999991,37004.0,0.21898828819394112,
20100096.0,0.0085182525,0.528386849970554,91.625,22.625,0.146240234375,0.1,19.939430202287355,-0.7889943942427635,300.0,22.31,0.6859015226364136,539.0,19629.0,20.15868641279851,0.0,0.0001,0.09536188840866089,312.15333333333336,0.0,84.40625,76.5,91.625,223.5,123.96875,78512.0,0.20810222222222224,-0.014337403525132686,1.0,42.90625,99.99999999999991,37274.0,0.2629857501015067,-79.8413135872014
20250624.0,0.006551145,0.5304574405486667,101.1875,22.53125,0.128173828125,0.1,21.51613459689851,-0.8509874269366264,300.0,22.2,0.5545023083686829,539.0,19776.0,,0.0,0.0001,0.0831739604473114,337.6479166666667,0.0,90.625,97.8125,101.1875,202.1875,108.1875,79100.0,0.22509861111111112,-0.012701117666438222,1.0,42.5,99.99999999999991,37555.0,0.22844768688082695,
20400128.0,0.007519654,0.5037676181415729,116.8125,21.6875,0.11669921875,0.1,23.06580579716347,-0.7560961544513702,300.0,22.56,0.802349328994751,539.0,19922.0,26.023842404449297,0.0,0.0001,0.05203638970851898,363.19458333333336,0.0,70.25,97.25,116.8125,202.75,112.9375,79684.0,0.24212972222222223,-0.013178969325963408,1.0,43.0625,99.99999999999991,37836.0,0.21460654214024544,-73.97615759555062
20550656.0,0.011460039,0.5152882004051469,111.15625,22.375,0.165771484375,0.1,23.20753272537769,-0.7692068703472614,300.0,22.3,0.703959584236145,539.0,20069.0,,0.0,0.0001,0.05379713326692581,356.0385416666667,0.0,80.125,93.90625,111.15625,206.09375,108.71875,80272.0,0.2373590277777778,-0.018076421576552093,1.0,43.6875,99.99999999999991,38121.0,0.2549738250672817,
20700160.0,0.0072211716,0.5317543447102773,90.25,22.3125,0.134033203125,0.1,19.780718117180378,-0.724889125674963,300.0,22.57,0.7564958333969116,539.0,20215.0,18.774171888307578,0.0,0.0001,0.04899759218096733,313.24,0.0,89.4375,66.75,90.25,233.25,120.3125,80856.0,0.20882666666666666,-0.013511593162547797,1.0,42.15625,99.99999999999991,38390.0,0.1765953153371811,-81.22582811169234
20850688.0,0.011676059,0.5111976910284278,142.96875,21.6875,0.177978515625,0.1,26.74904627096607,-0.7743717916309834,300.0,22.1,0.7632250785827637,539.0,20362.0,,0.0,0.0001,0.04897015541791916,437.38812499999995,0.0,75.84375,54.96875,142.96875,245.03125,81.1875,81444.0,0.2915920833333333,-0.02061324322130531,1.0,42.53125,99.99999999999991,38658.0,0.22780885733664036,
21000192.0,0.007871832,0.525915838311908,125.1875,23.15625,0.145263671875,0.1,24.696018618403507,-0.773740254342556,300.0,22.45,0.6082092523574829,539.0,20508.0,25.59418551942771,0.0,0.0001,0.07110680639743805,396.2825,0.0,80.71875,54.15625,125.1875,245.84375,94.09375,82028.0,0.26418833333333336,-0.016231236921157688,1.0,44.0,99.99999999999991,38936.0,0.2749232668429613,-74.4058144805722
21150720.0,0.006766767,0.5172746712810137,136.125,22.375,0.151611328125,0.1,27.169520269367915,-0.8158777877688408,300.0,22.08,0.6301767826080322,539.0,20655.0,,0.0,0.0001,0.060038771480321884,429.50749999999994,0.0,89.34375,53.0625,136.125,246.9375,74.53125,82616.0,0.2863383333333333,-0.016027983569074422,1.0,43.40625,99.99999999999991,39206.0,0.25046946853399277,
21300224.0,0.008404412,0.5053710659522699,162.9375,22.375,0.16064453125,0.1,30.921476583546045,-0.7888374738395214,300.0,22.31,0.726603627204895,539.0,20801.0,30.366091334226773,0.0,0.0001,0.062176041305065155,489.76125,0.0,79.03125,52.25,162.9375,247.75,58.03125,83200.0,0.3265075,-0.017683612240944058,1.0,44.25,99.99999999999991,39491.0,0.2189609780907631,-69.63390866577313
21450752.0,0.010786364,0.5393660843308169,165.0625,24.0625,0.149658203125,0.1,32.26822805031526,-0.7505704313516617,300.0,22.57,0.7847397923469543,539.0,20948.0,,0.0,0.0001,0.04118714481592178,506.7095833333334,0.0,93.3125,34.625,165.0625,265.375,41.625,83788.0,0.3378063888888889,-0.016159433347638696,1.0,44.96875,99.99999999999991,39762.0,0.1976099470630288,
21600256.0,0.010545181,0.5232152042059429,140.75,22.5,0.14892578125,0.1,28.94383156829295,-0.7772702611982822,300.0,22.53,0.7637031078338623,539.0,21094.0,28.503380651597446,0.0,0.0001,0.04697561636567116,451.9616666666667,0.0,108.4375,68.375,140.75,231.625,50.8125,84372.0,0.3013077777777778,-0.01971017604228109,1.0,43.1875,99.99999999999991,40039.0,0.21063015330582857,-71.49661934840248
21750784.0,0.010323614,0.5299801815847873,130.75,22.46875,0.1689453125,0.1,26.622248231326942,-0.8209044970571995,300.0,22.96,0.6888934373855591,539.0,21241.0,,0.0,0.0001,0.08327450603246689,419.40458333333333,0.0,97.34375,69.71875,130.75,230.28125,71.90625,84960.0,0.27960305555555554,-0.01800532452762127,1.0,42.375,99.99999999999991,40303.0,0.29781869892030954,
21900288.0,0.015306937,0.5139235747400672,157.59375,22.3125,0.18115234375,0.1,30.29932017943886,-0.7644908279180527,300.0,22.74,0.8127484321594238,539.0,21387.0,30.373881630011432,0.0,0.0001,0.04848693311214447,482.32145833333334,0.0,90.59375,67.15625,157.59375,232.84375,51.8125,85544.0,0.3215476388888889,-0.018445042602252215,1.0,43.5625,99.99999999999991,40594.0,0.17250428721308708,-69.62611836998849
22050816.0,0.011643324,0.5328876607452854,149.28125,21.875,0.169921875,0.1,29.976234116613853,-0.7251806706190109,300.0,21.77,0.69701087474823,539.0,21534.0,,0.0,0.0001,0.059474878013134,465.933125,0.0,96.1875,61.625,149.28125,238.375,54.53125,86132.0,0.31062208333333335,-0.01762114150915295,1.0,41.46875,99.99999999999991,40868.0,0.2555516678839922,
22200320.0,0.0077581443,0.5502983181276824,156.90625,22.96875,0.134033203125,0.1,30.25790167353277,-0.7544095404446125,300.0,22.71,0.6517113447189331,539.0,21680.0,29.65101974659587,0.0,0.0001,0.08215101808309555,472.51187500000003,0.0,77.625,62.53125,156.90625,237.46875,65.46875,86716.0,0.31500791666666667,-0.014545220328727737,1.0,41.9375,99.99999999999991,41141.0,0.2606583312153816,-70.34898025340405
22350848.0,0.008589495,0.530245424445648,132.59375,23.03125,0.135986328125,0.1,27.370280692030562,-0.7913779951632023,300.0,22.73,0.5981584787368774,539.0,21827.0,,0.0,0.0001,0.06723076105117798,435.5335416666667,0.0,112.75,59.3125,132.59375,240.6875,54.65625,87304.0,0.2903556944444444,-0.017949903674889356,1.0,43.71875,99.99999999999991,41407.0,0.22910574078559875,
22500352.0,0.011241566,0.5169622085490675,125.71875,22.03125,0.1552734375,0.1,26.88936402037754,-0.7593134306371212,300.0,22.4,0.8152949213981628,539.0,21973.0,28.34596006463781,0.0,0.0001,0.02699180692434311,424.7264583333333,0.0,121.71875,55.96875,125.71875,244.03125,52.5625,87888.0,0.28315097222222224,-0.017841964669059962,1.0,42.71875,99.99999999999991,41680.0,0.15955590829253197,-71.6540399353621
22650880.0,0.007770202,0.5324520083058399,118.78125,23.0,0.1123046875,0.1,25.858852606679783,-0.7694652155041695,300.0,22.71,0.7563027143478394,539.0,22120.0,,0.0,0.0001,0.060212716460227966,405.2772916666667,0.0,122.03125,75.25,118.78125,224.75,59.1875,88476.0,0.27018486111111106,-0.013067726977169514,1.0,43.3125,99.99999999999991,41962.0,0.22159116342663765,
22800384.0,0.009949813,0.54129512256501,112.4375,22.6875,0.1474609375,0.1,25.457307316452223,-0.788889441639185,300.0,22.39,0.746120810508728,539.0,22266.0,24.997513485735354,0.0,0.0001,0.13189974427223206,402.27000000000004,0.0,139.59375,65.71875,112.4375,234.28125,47.96875,89060.0,0.26818,-0.01865806384012103,1.0,41.96875,99.99999999999991,42229.0,0.3542603421956301,-75.00248651426456
22950912.0,0.0090481555,0.513323141284689,121.375,21.875,0.1318359375,0.1,26.137783830956337,-0.7001395933330059,300.0,22.23,0.7434006333351135,540.0,22413.0,,0.0,0.0001,0.10219756513834,407.6,0.0,112.3125,55.9375,121.375,244.0625,66.3125,89648.0,0.2717333333333333,-0.01659390318673104,1.0,42.78125,99.99999999999991,42494.0,0.2908825483173132,
23100416.0,0.012102914,0.5499288432118525,129.71875,23.125,0.15380859375,0.1,26.808372005846316,-0.7511319257318974,300.0,22.62,0.802316427230835,540.0,22559.0,26.204418875189653,0.0,0.0001,0.08424793183803558,419.87395833333335,0.0,98.84375,52.65625,129.71875,247.34375,71.4375,90232.0,0.2799159722222222,-0.016827266139443964,1.0,42.21875,99.99999999999991,42765.0,0.29626376926898956,-73.79558112481027
23250944.0,0.009419614,0.530860882270104,132.5,22.53125,0.124267578125,0.1,28.186203959317776,-0.721064954996109,300.0,22.55,0.5838057994842529,540.0,22706.0,,0.0,0.0001,0.10967247933149338,428.48625,0.0,96.5625,26.15625,132.5,273.84375,70.9375,90820.0,0.2856575,-0.016297998052323237,1.0,42.59375,99.99999999999991,43028.0,0.31221821531653404,
23400448.0,0.005685542,0.5130531617311391,127.28125,21.75,0.12109375,0.1,25.747581411040628,-0.7646219059824944,300.0,22.18,0.7524120807647705,540.0,22852.0,26.187648287248997,0.0,0.0001,0.045502565801143646,404.224375,0.0,82.6875,42.53125,127.28125,257.46875,90.03125,91404.0,0.2694829166666667,-0.014794713293667883,1.0,42.40625,99.99999999999991,43322.0,0.2120132138952613,-73.81235171275091
23550976.0,0.005741188,0.5176733181608626,161.9375,22.28125,0.108154296875,0.1,30.086454105042385,-0.8603713847696781,300.0,22.54,0.7462814450263977,539.0,22999.0,,0.0,0.0001,0.09868758171796799,475.30125000000004,0.0,63.375,64.9375,161.9375,235.0625,74.6875,91992.0,0.31686749999999997,-0.014036202570423484,1.0,43.03125,99.99999999999991,43613.0,0.2769466005265713,
23700480.0,0.01370622,0.5422617520059233,152.59375,23.21875,0.151611328125,0.1,29.170867916202944,-0.7866814434528351,300.0,22.52,0.763558566570282,540.0,23145.0,27.78470471157538,0.0,0.0001,0.05837678909301758,457.9572916666667,0.0,70.1875,52.65625,152.59375,247.34375,77.21875,92576.0,0.30530486111111116,-0.018738258630037308,1.0,42.96875,99.99999999999991,43878.0,0.2179987458512187,-72.21529528842453
23851008.0,0.009178917,0.517519180047466,136.28125,22.71875,0.14453125,0.1,27.368053394133884,-0.8374873660504818,300.0,22.92,0.7391235828399658,540.0,23292.0,,0.0,0.0001,0.12272219359874725,419.16770833333334,0.0,76.15625,69.21875,136.28125,230.78125,87.5625,93164.0,0.2794451388888889,-0.017855391080956906,1.0,44.03125,99.99999999999991,44160.0,0.3490927070379257,
24000512.0,0.009515401,0.5032186362711035,146.84375,22.09375,0.137939453125,0.1,27.915552480592762,-0.8146914653480053,300.0,22.32,0.5989528894424438,540.0,23438.0,28.684774415229718,0.0,0.0001,0.07631897181272507,438.5914583333333,0.0,63.78125,58.65625,146.84375,241.34375,89.375,93748.0,0.29239430555555557,-0.01843541144626215,1.0,43.8125,99.99999999999991,44442.0,0.2675834661349654,-71.31522558477019
24151040.0,0.007793503,0.5462280733507447,156.84375,23.09375,0.157470703125,0.1,30.179439938885423,-0.8827115185558796,300.0,22.42,0.7638629674911499,539.0,23585.0,,0.0,0.0001,0.062360379844903946,459.204375,0.0,63.28125,92.4375,156.84375,207.5625,79.875,94336.0,0.30613625,-0.015005907160229981,1.0,42.1875,99.99999999999991,44732.0,0.21142768301069736,
24300544.0,0.007887254,0.521810732116314,143.90625,22.53125,0.109375,0.1,27.591082434751282,-0.7529388852417469,300.0,22.41,0.6912938356399536,540.0,23731.0,27.008414684708516,0.0,0.0001,0.07870155572891235,429.26437500000003,0.0,63.5625,73.96875,143.90625,226.03125,92.53125,94920.0,0.28617625,-0.015073981194291264,1.0,43.28125,99.99999999999991,44996.0,0.25797731801867485,-72.9915853152914
24451072.0,0.009323299,0.5349945151943265,136.625,23.03125,0.155517578125,0.1,26.882167715074115,-0.7628884017467499,300.0,22.35,0.8106464147567749,540.0,23878.0,,0.0,0.0001,0.06613124161958694,411.02583333333337,0.0,63.59375,74.4375,136.625,225.5625,99.78125,95508.0,0.27401722222222225,-0.016886445751879364,1.0,43.09375,99.99999999999991,45278.0,0.20825579576194286,
24600576.0,0.008619715,0.5538536272941201,133.1875,23.875,0.140869140625,0.1,26.615658828295963,-0.7764145955443382,300.0,23.4,0.7423403263092041,540.0,24024.0,27.942947548383405,0.0,0.0001,0.06958801299333572,409.4191666666667,0.0,73.0,68.46875,133.1875,231.53125,93.8125,96092.0,0.2729461111111111,-0.016341583570465446,1.0,43.09375,99.99999999999991,45546.0,0.25307284388691187,-72.05705245161651
24751104.0,0.011766089,0.5043683919473081,136.78125,22.40625,0.17578125,0.1,26.89695185787935,-0.8347733020782471,300.0,22.29,0.8100800514221191,540.0,24171.0,,0.0,0.0001,0.053983598947525024,423.0702083333333,0.0,81.125,74.71875,136.78125,225.28125,82.09375,96680.0,0.28204680555555556,-0.020514462259598076,1.0,44.5,99.99999999999991,45830.0,0.20444765221327543,
24900608.0,0.014267073,0.5223657468184701,119.53125,21.75,0.165283203125,0.1,24.399116927043146,-0.8138313367962837,300.0,22.41,0.7816060781478882,540.0,24317.0,25.906260224065075,0.0,0.0001,0.11642035096883774,383.8097916666667,0.0,91.5625,100.5,119.53125,199.5,88.90625,97264.0,0.25587319444444445,-0.020340697228675708,1.0,41.71875,99.99999999999991,46106.0,0.2909312201663852,-74.09373977593484
25050112.0,0.015225394,0.5102091138834304,123.125,22.3125,0.195556640625,0.1,25.155354640553956,-0.7800586074590683,300.0,22.62,0.7125792503356934,540.0,24463.0,,0.0,0.0001,0.050972066819667816,393.92875,0.0,90.75,86.53125,123.125,213.46875,86.125,97848.0,0.2626191666666667,-0.018406253366265446,1.0,43.75,99.99999999999991,46374.0,0.22503320965915918,
25200640.0,0.013622234,0.5179561319374009,104.9375,22.15625,0.184814453125,0.1,21.55083587830402,-0.7738829106092453,300.0,22.34,0.7836844325065613,540.0,24610.0,20.698313449621836,0.0,0.0001,0.060283172875642776,342.48,0.0,76.03125,54.59375,104.9375,245.40625,119.03125,98436.0,0.22832000000000002,-0.02025896025588736,1.0,42.96875,99.99999999999991,46653.0,0.24123299308121204,-79.30168655037808
25350144.0,0.008989784,0.5172180516514833,132.875,22.5625,0.14208984375,0.1,25.949167852706488,-0.8254783898591995,300.0,22.93,0.7553893327713013,540.0,24756.0,,0.0,0.0001,0.07403801381587982,411.17541666666665,0.0,74.5,55.65625,132.875,244.34375,92.625,99020.0,0.27411694444444445,-0.016188140318263322,1.0,43.6875,99.99999999999991,46919.0,0.2647307636216283,
25500672.0,0.008541791,0.5168827440194301,145.1875,22.125,0.14404296875,0.1,27.80815131105495,-0.8774805068969727,300.0,22.12,0.6767489910125732,540.0,24903.0,28.48855102362077,0.0,0.0001,0.055345214903354645,436.56416666666667,0.0,69.4375,72.46875,145.1875,227.53125,85.375,99608.0,0.29104277777777776,-0.01898980000987649,1.0,42.75,99.99999999999991,47191.0,0.23455713782459497,-71.51144897637914
25650176.0,0.007740587,0.5162830365934802,142.53125,22.28125,0.144775390625,0.1,28.145679709202135,-0.7728027701377869,300.0,22.63,0.6888543963432312,540.0,25049.0,,0.0,0.0001,0.11360089480876923,435.78520833333334,0.0,78.21875,72.40625,142.53125,227.59375,79.25,100192.0,0.2905234722222222,-0.01775961130624637,1.0,43.1875,99.99999999999991,47467.0,0.3401017654687166,
25800704.0,0.009439154,0.5249466289807634,134.71875,23.0625,0.117431640625,0.1,26.792809923479144,-0.7001497372984886,300.0,22.78,0.7266139984130859,540.0,25196.0,25.71134677232964,0.0,0.0001,0.10147339105606079,422.926875,0.0,83.53125,46.3125,134.71875,253.6875,81.75,100780.0,0.28195125,-0.015061995014548302,1.0,43.875,99.99999999999991,47743.0,0.2842673705890775,-74.28865322767027
25950208.0,0.010304937,0.533096655216774,134.40625,22.46875,0.162109375,0.1,27.105635930103052,-0.7950069941580296,300.0,22.72,0.6539607048034668,540.0,25342.0,,0.0,0.0001,0.0930054634809494,419.74604166666666,0.0,83.3125,65.09375,134.40625,234.90625,82.28125,101364.0,0.2798306944444444,-0.017773751518689096,1.0,42.4375,99.99999999999991,48013.0,0.34479840844869614,
26100736.0,0.012188241,0.5295308687912872,124.1875,22.03125,0.15234375,0.1,25.57522544355665,-0.828281544148922,300.0,22.54,0.805938184261322,540.0,25489.0,26.001517414075654,0.0,0.0001,0.03616728633642197,402.8495833333333,0.0,97.8125,73.5625,124.1875,226.4375,78.0,101952.0,0.26856638888888884,-0.018694512895308435,1.0,41.84375,99.99999999999991,48281.0,0.18937216326594353,-73.99848258592426
26250240.0,0.008435194,0.513720112453361,131.53125,22.09375,0.109130859375,0.1,26.84970602481352,-0.7950213402509689,300.0,22.43,0.7700982093811035,540.0,25635.0,,0.0,0.0001,0.04627108946442604,420.1197916666667,0.0,97.5625,81.25,131.53125,218.75,70.90625,102536.0,0.2800798611111111,-0.017595445970073342,1.0,43.0,99.99999999999991,48544.0,0.17861661966890097,
26400768.0,0.008320026,0.5266946137675588,148.34375,22.6875,0.162353515625,0.1,29.61121499052166,-0.8218502700328827,300.0,22.51,0.7769618034362793,540.0,25782.0,29.901640418479495,0.0,0.0001,0.08841855823993683,460.5722916666667,0.0,93.625,72.53125,148.34375,227.46875,58.03125,103124.0,0.3070481944444444,-0.01756439945893362,1.0,43.09375,99.99999999999991,48814.0,0.24436510354280472,-70.09835958152041
26550272.0,0.016466755,0.48528328124757225,140.625,21.4375,0.17041015625,0.1,28.234116865948792,-0.8500002734363079,300.0,22.45,0.7462276220321655,540.0,25928.0,,0.0,0.0001,0.11493667960166931,440.59833333333336,0.0,94.4375,82.6875,140.625,217.3125,64.9375,103708.0,0.2937322222222222,-0.02204163567512296,1.0,44.21875,99.99999999999991,49088.0,0.33327731490135193,
26700800.0,0.007999302,0.5345342444449743,137.75,23.65625,0.139404296875,0.1,27.11919241806479,-0.7957085743546486,300.0,22.86,0.5558233857154846,540.0,26075.0,28.88893545496236,0.0,0.0001,0.08748570084571838,429.53499999999997,0.0,86.25,69.5,137.75,230.5,76.0,104296.0,0.2863566666666667,-0.017031100229360163,1.0,44.28125,99.99999999999991,49374.0,0.25359988026320934,-71.11106454503755
26850304.0,0.010976538,0.5388453324395457,139.90625,22.5,0.15673828125,0.1,27.760899123784007,-0.8881537280976772,300.0,22.59,0.7219491004943848,540.0,26221.0,,0.0,0.0001,0.15315528213977814,432.889375,0.0,84.0,73.96875,139.90625,226.03125,76.09375,104880.0,0.28859291666666664,-0.01933117222506553,1.0,41.96875,99.99999999999991,49641.0,0.34976465068757534,
27000832.0,0.009377321,0.5206526570529993,135.09375,22.625,0.131591796875,0.1,25.885793927799348,-0.8835181072354317,300.0,22.69,0.8300684690475464,540.0,26368.0,26.508184273866213,0.0,0.0001,0.07623865455389023,421.179375,0.0,89.71875,103.0625,135.09375,196.9375,75.1875,105468.0,0.28078625,-0.01971598423551768,1.0,43.625,99.99999999999991,49914.0,0.2441628985106945,-73.4918157261337
27150336.0,0.009149279,0.5278179943659973,151.6875,23.1875,0.1591796875,0.1,28.559584252082175,-0.8030800968408585,300.0,22.9,0.7492280602455139,540.0,26514.0,,0.0,0.0001,0.12023259699344635,451.75374999999997,0.0,75.1875,113.25,151.6875,186.75,73.125,106052.0,0.30116916666666665,-0.019057385274209082,1.0,43.9375,99.99999999999991,50188.0,0.32836570404469967,
27300864.0,0.00990587,0.5011833409380552,160.53125,22.53125,0.150390625,0.1,29.806488100940125,-0.7177930995821953,300.0,23.18,0.8411204218864441,540.0,26661.0,31.120323751569998,0.0,0.0001,0.08612606674432755,473.7422916666667,0.0,75.34375,115.125,160.53125,184.875,64.125,106640.0,0.31582819444444443,-0.012714730226434767,1.0,45.15625,99.99999999999991,50474.0,0.2713523432612419,-68.87967624842992
27450368.0,0.0072261216,0.50575133814031,158.65625,22.65625,0.115966796875,0.1,29.85489716520444,-0.83262649923563,300.0,22.95,0.7866075038909912,540.0,26807.0,,0.0,0.0001,0.09642799198627472,472.795625,0.0,74.8125,81.0,158.65625,219.0,66.53125,107224.0,0.31519708333333335,-0.016836405004141852,1.0,44.84375,99.99999999999991,50759.0,0.30609943717718124,
27600896.0,0.0061632753,0.5339660444822174,143.5625,23.5625,0.12158203125,0.1,27.734123793705315,-0.7952006049454212,300.0,23.6,0.5772050619125366,540.0,26954.0,26.51996349847969,0.0,0.0001,0.06386951357126236,437.37041666666664,0.0,74.6875,61.0625,143.5625,238.9375,81.75,107812.0,0.2915802777777778,-0.015345331543358043,1.0,44.375,99.99999999999991,51024.0,0.23938327375799417,-73.48003650152023
27750400.0,0.0052270973,0.49648320094037507,140.3125,22.375,0.1220703125,0.1,26.450634984462166,-0.7585862949490547,300.0,22.71,0.6326673626899719,541.0,27100.0,,0.0,0.0001,0.07203119248151779,423.98541666666665,0.0,69.25,74.6875,140.3125,225.3125,90.4375,108396.0,0.28265694444444445,-0.01404509466374293,1.0,45.34375,99.99999999999991,51284.0,0.2600335758179426,
27900928.0,0.0129106585,0.5122217406773449,137.75,22.40625,0.148681640625,0.1,26.234901243679396,-0.752938948571682,300.0,22.98,0.6862655878067017,541.0,27247.0,26.817676227288906,0.0,0.0001,0.0821685791015625,417.6120833333333,0.0,71.65625,87.78125,137.75,212.21875,90.59375,108984.0,0.2784080555555556,-0.020149314193986356,1.0,44.03125,99.99999999999991,51552.0,0.2721734093502164,-73.18232377271102
28050432.0,0.007791801,0.5270761168910592,114.625,23.4375,0.13330078125,0.1,22.626922325490696,-0.8258503191173077,300.0,23.73,0.7033268213272095,541.0,27393.0,,0.0,0.0001,0.11218401789665222,357.4745833333333,0.0,67.71875,85.28125,114.625,214.71875,117.65625,109568.0,0.2383163888888889,-0.016424975590780377,1.0,44.375,99.99999999999991,51815.0,0.32178233191370964,
28200960.0,0.010185656,0.5324940857141875,111.59375,23.53125,0.14306640625,0.1,22.69067590078852,-0.7076689042150974,300.0,23.07,0.7520036697387695,541.0,27540.0,22.47209756678479,0.0,0.0001,0.05607983469963074,359.621875,0.0,83.4375,91.5625,111.59375,208.4375,104.96875,110156.0,0.23974791666666667,-0.018598628928884864,1.0,44.25,99.99999999999991,52086.0,0.21278813481330872,-77.52790243321513
28350464.0,0.008665245,0.5450712882683358,114.90625,23.875,0.13623046875,0.1,24.217702551535083,-0.7887401357293129,300.0,22.99,0.667794942855835,541.0,27686.0,,0.0,0.0001,0.09310483932495117,376.59229166666665,0.0,95.3125,85.125,114.90625,214.875,89.78125,110740.0,0.2510615277777778,-0.01613673535757698,1.0,43.90625,99.99999999999991,52378.0,0.33941968344151974,
28500992.0,0.007538856,0.5297005273451667,115.0,23.4375,0.1416015625,0.1,23.71889836831449,-0.7632970660924911,300.0,23.08,0.6744277477264404,541.0,27833.0,22.795261156016295,0.0,0.0001,0.0739399790763855,377.7266666666667,0.0,94.46875,72.9375,115.0,227.0625,90.53125,111328.0,0.2518177777777778,-0.01659446838311851,1.0,44.3125,99.99999999999991,52654.0,0.2865851679816842,-77.20473884398362
28650496.0,0.011675759,0.5247484477081603,156.96875,23.0,0.173095703125,0.1,30.598116845062147,-0.760456208139658,300.0,22.98,0.7750673890113831,541.0,27979.0,,0.0,0.0001,0.0627814382314682,479.5577083333333,0.0,87.3125,58.9375,156.96875,241.0625,55.71875,111912.0,0.31970513888888885,-0.018727386370301247,1.0,44.0,99.99999999999991,52921.0,0.22440706845372915,
28801024.0,0.009946065,0.513315960205719,152.75,22.0625,0.166015625,0.1,29.708369691634402,-0.7779028564691544,300.0,22.86,0.7058095335960388,541.0,28126.0,,0.0,0.0001,0.090239979326725,470.51625,0.0,92.0625,72.78125,152.75,227.21875,55.1875,112500.0,0.31367749999999994,-0.01993686251807958,1.0,43.21875,99.99999999999991,53186.0,0.29356565698981285,
28950528.0,0.006078684,0.5354001049285503,153.53125,23.5,0.09814453125,0.1,29.46153177079382,-0.764562226831913,300.0,22.6,0.6917584538459778,541.0,28272.0,,0.0,0.0001,0.13788603246212006,465.3072916666667,0.0,80.03125,65.625,153.53125,234.375,66.4375,113084.0,0.3102048611111111,-0.0122852610074915,1.0,44.0,99.99999999999991,53474.0,0.352384177967906,
29101056.0,0.008590307,0.5016171788347901,145.84375,22.53125,0.134765625,0.1,29.17349868811635,-0.7633844651281834,300.0,22.8,0.6215088367462158,541.0,28419.0,,0.0,0.0001,0.0697619765996933,455.30020833333333,0.0,92.09375,55.875,145.84375,244.125,62.0625,113672.0,0.30353347222222227,-0.01714199362322688,1.0,44.90625,99.99999999999991,53744.0,0.24508736561983824,
29250560.0,0.012821182,0.5029246799099392,156.0,21.96875,0.14990234375,0.1,30.462781897433214,-0.7094781287014484,300.0,22.01,0.623906135559082,541.0,28565.0,,0.0,0.0001,0.13329152762889862,481.33666666666664,0.0,94.1875,62.125,156.0,237.875,49.8125,114256.0,0.3208911111111111,-0.01692613633349538,1.0,43.75,99.99999999999991,54021.0,0.36598367244005203,
29401088.0,0.013121588,0.5208856236557492,159.75,22.625,0.163818359375,0.1,31.20382432842885,-0.7326388768851757,300.0,22.58,0.765771210193634,541.0,28712.0,,0.0,0.0001,0.07065395265817642,477.81125,0.0,77.8125,78.65625,159.75,221.34375,62.4375,114844.0,0.31854083333333333,-0.0188819911563769,1.0,43.5,99.99999999999991,54294.0,0.24726702459156513,
29550592.0,0.012621097,0.5345720427025988,155.125,22.84375,0.15234375,0.1,30.816007579764648,-0.7300518453121185,300.0,22.97,0.7322177886962891,541.0,28858.0,,0.0,0.0001,0.08851476013660431,472.19458333333336,0.0,82.34375,54.28125,155.125,245.71875,62.53125,115428.0,0.3147963888888889,-0.018787945300573483,1.0,42.625,99.99999999999991,54567.0,0.26473845075815916,
29701120.0,0.007325707,0.5186647289253208,151.28125,22.34375,0.1083984375,0.1,30.284212415804838,-0.7361502349376678,300.0,23.05,0.6626781225204468,541.0,29005.0,,0.0,0.0001,0.05850332975387573,462.229375,0.0,83.25,62.28125,151.28125,237.71875,65.46875,116016.0,0.30815291666666667,-0.015686115890275687,1.0,43.0,99.99999999999991,54840.0,0.25247883331030607,
30000128.0,0.0058094,0.5225602270719516,119.21875,23.1875,0.135498046875,0.1,24.633545412820876,-0.7190897352993488,300.0,22.91,0.6509256362915039,541.0,29297.0,24.466845243891537,0.0,0.0001,0.0725633054971695,377.01187500000003,0.0,81.1875,93.0,119.21875,207.0,99.59375,117184.0,0.25134125,-0.01484017411712557,1.0,44.40625,99.99999999999991,55386.0,0.24972718581557274,-75.53315475610837
